date,consumer_id,Electricity_Consumption,Temperature,Humidity,Weather_Condition,Day_of_Week,Time_of_Day,Season,Holiday,Household_Size,Income_Level,Dwelling_Type,Heating_Type,Cooling_Type,Appliance_Usage,Energy_Efficiency_Rating,Smart_Meter,Previous_Day_Consumption,Previous_Week_Consumption,Previous_Month_Consumption
16/02/2023,1101,35.678,12,80,cloudy,Thursday,afternoon,winter,0,3,medium,house,gas,fans,medium,70,1,30.123,250.567,1000.987
17/02/2023,1102,42.109,8,90,rainy,Friday,evening,winter,0,2,high,apartment,electric,air conditioning,high,85,0,35.678,200.123,800.567
18/02/2023,1103,28.901,15,70,sunny,Saturday,morning,winter,0,4,low,house,none,fans,low,60,1,42.109,300.987,1200.123
19/02/2023,1104,40.567,10,85,cloudy,Sunday,afternoon,winter,0,5,medium,apartment,gas,air conditioning,medium,75,0,28.901,350.123,1500.567
20/02/2023,1105,38.901,12,80,rainy,Monday,evening,winter,0,3,high,house,electric,fans,high,90,1,40.567,400.987,1800.123
21/02/2023,1106,32.109,15,70,sunny,Tuesday,morning,winter,0,4,low,apartment,none,air conditioning,low,65,0,38.901,450.567,2200.123
22/02/2023,1107,45.678,10,85,cloudy,Wednesday,afternoon,winter,0,5,medium,house,gas,fans,medium,80,1,32.109,500.987,2500.123
23/02/2023,1108,41.234,12,80,rainy,Thursday,evening,winter,0,3,high,apartment,electric,air conditioning,high,95,0,45.678,550.567,2800.123
24/02/2023,1109,36.901,15,70,sunny,Friday,morning,winter,0,4,low,house,none,fans,low,70,1,41.234,600.987,3100.123
25/02/2023,1110,49.567,10,85,cloudy,Saturday,afternoon,winter,0,5,medium,apartment,gas,air conditioning,medium,85,0,36.901,650.123,3500.567
26/02/2023,1111,44.901,12,80,rainy,Sunday,evening,winter,0,3,high,house,electric,fans,high,100,1,49.567,700.987,4000.123
27/02/2023,1112,39.567,15,70,sunny,Monday,morning,winter,0,4,low,apartment,none,air conditioning,low,75,0,44.901,750.123,4500.567
28/02/2023,1113,52.109,10,85,cloudy,Tuesday,afternoon,winter,0,5,medium,house,gas,fans,medium,90,1,39.567,800.987,5000.123
01/03/2023,1114,46.523,12,80,rainy,Wednesday,evening,winter,0,3,high,apartment,electric,air conditioning,high,105,0,52.109,850.987,5500.567
02/03/2023,1115,41.234,15,70,sunny,Thursday,morning,winter,0,4,low,house,none,fans,low,80,1,46.523,900.987,6000.123
03/03/2023,1116,48.901,10,85,cloudy,Friday,afternoon,winter,0,5,medium,apartment,gas,air conditioning,medium,95,0,41.234,950.987,6500.567
04/03/2023,1117,43.567,12,80,rainy,Saturday,evening,winter,0,3,high,house,electric,fans,high,110,1,48.901,1000.987,7000.123
05/03/2023,1118,39.901,15,70,sunny,Sunday,morning,winter,0,4,low,apartment,none,air conditioning,low,85,0,43.567,1050.987,7500.567
06/03/2023,1119,47.234,10,85,cloudy,Monday,afternoon,winter,0,5,medium,house,gas,fans,medium,100,1,39.901,1100.987,8000.123
07/03/2023,1120,42.901,12,80,rainy,Tuesday,evening,winter,0,3,high,apartment,electric,air conditioning,high,115,0,47.234,1150.987,8500.567
08/03/2023,1121,38.567,15,70,sunny,Wednesday,morning,winter,0,4,low,house,none,fans,low,90,1,42.901,1200.987,9000.123
09/03/2023,1122,46.109,10,85,cloudy,Thursday,afternoon,winter,0,5,medium,apartment,gas,air conditioning,medium,105,0,38.567,1250.987,9500.567
10/03/2023,1123,41.234,12,80,rainy,Friday,evening,winter,0,3,high,house,electric,fans,high,120,1,46.109,1300.987,10000.123
11/03/2023,1124,37.901,15,70,sunny,Saturday,morning,winter,0,4,low,apartment,none,air conditioning,low,95,0,41.234,1350.987,10500.567
12/03/2023,1125,45.567,10,85,cloudy,Sunday,afternoon,winter,0,5,medium,house,gas,fans,medium,110,1,37.901,1400.987,11000.123
13/03/2023,1126,40.901,12,80,rainy,Monday,evening,winter,0,3,high,apartment,electric,air conditioning,high,125,0,45.567,1450.987,11500.567
14/03/2023,1127,44.901,15,70,sunny,Tuesday,morning,winter,0,4,low,house,none,fans,low,90,1,40.901,1500.987,12000.123
15/03/2023,1128,48.234,10,85,cloudy,Wednesday,afternoon,winter,0,5,medium,apartment,gas,air conditioning,medium,105,0,44.901,1550.987,12500.567
16/03/2023,1129,42.567,12,80,rainy,Thursday,evening,winter,0,3,high,house,electric,fans,high,120,1,48.234,1600.987,13000.123
17/03/2023,1130,39.901,15,70,sunny,Friday,morning,winter,0,4,low,apartment,none,air conditioning,low,95,0,42.567,1650.987,13500.567
18/03/2023,1131,46.234,10,85,cloudy,Saturday,afternoon,winter,0,5,medium,house,gas,fans,medium,110,1,39.901,1700.987,14000.123
19/03/2023,1132,43.901,12,80,rainy,Sunday,evening,winter,0,3,high,apartment,electric,air conditioning,high,125,0,46.234,1750.987,14500.567
20/03/2023,1133,41.567,15,70,sunny,Monday,morning,winter,0,4,low,house,none,fans,low,100,1,43.901,1800.987,15000.123
21/03/2023,1134,45.901,10,85,cloudy,Tuesday,afternoon,winter,0,5,medium,apartment,gas,air conditioning,medium,115,0,41.567,1850.987,15500.567
22/03/2023,1135,42.234,12,80,rainy,Wednesday,evening,winter,0,3,high,house,electric,fans,high,130,1,45.901,1900.987,16000.123
23/03/2023,1136,40.567,15,70,sunny,Thursday,morning,winter,0,4,low,apartment,none,air conditioning,low,105,0,42.234,1950.987,16500.567
24/03/2023,1137,47.901,10,85,cloudy,Friday,afternoon,winter,0,5,medium,house,gas,fans,medium,120,1,40.567,2000.987,17000.123
25/03/2023,1138,44.234,12,80,rainy,Saturday,evening,winter,0,3,high,apartment,electric,air conditioning,high,135,0,47.901,2050.987,17500.567
26/03/2023,1139,42.901,15,70,sunny,Sunday,morning,winter,0,4,low,house,none,fans,low,110,1,44.234,2100.987,18000.123
27/03/2023,1140,49.567,10,85,cloudy,Monday,afternoon,spring,0,5,medium,apartment,gas,air conditioning,medium,125,0,42.901,2150.987,18500.567
28/03/2023,1141,46.234,12,80,rainy,Tuesday,evening,spring,0,3,high,house,electric,fans,high,140,1,49.567,2200.987,19000.123
29/03/2023,1142,43.901,15,70,sunny,Wednesday,morning,spring,0,4,low,apartment,none,air conditioning,low,115,0,46.234,2250.987,19500.567
30/03/2023,1143,51.234,10,85,cloudy,Thursday,afternoon,spring,0,5,medium,house,gas,fans,medium,130,1,43.901,2300.987,20000.123
31/03/2023,1144,48.901,12,80,rainy,Friday,evening,spring,0,3,high,apartment,electric,air conditioning,high,145,0,51.234,2350.987,20500.567
01/04/2023,1145,46.234,15,70,sunny,Saturday,morning,spring,0,4,low,house,none,fans,low,120,1,48.901,2400.987,21000.123
02/04/2023,1146,54.567,10,85,cloudy,Sunday,afternoon,spring,0,5,medium,apartment,gas,air conditioning,medium,135,0,46.234,2450.987,21500.567
03/04/2023,1147,51.901,12,80,rainy,Monday,evening,spring,0,3,high,house,electric,fans,high,150,1,54.567,2500.987,22000.123
04/04/2023,1148,49.234,15,70,sunny,Tuesday,morning,spring,0,4,low,apartment,none,air conditioning,low,125,0,51.901,2550.987,22500.567
05/04/2023,1149,57.901,10,85,cloudy,Wednesday,afternoon,spring,0,5,medium,house,gas,fans,medium,140,1,49.234,2600.987,23000.123
06/04/2023,1150,55.234,12,80,rainy,Thursday,evening,spring,0,3,high,apartment,electric,air conditioning,high,155,0,57.901,2650.987,23500.567
07/04/2023,1151,53.901,15,70,sunny,Friday,morning,spring,0,4,low,house,none,fans,low,130,1,55.234,2700.987,24000.123
08/04/2023,1152,61.234,10,85,cloudy,Saturday,afternoon,spring,0,5,medium,apartment,gas,air conditioning,medium,145,0,53.901,2750.987,24500.567
09/04/2023,1153,59.901,12,80,rainy,Sunday,evening,spring,0,3,high,house,electric,fans,high,160,1,61.234,2800.987,25000.123
10/04/2023,1154,57.901,15,70,sunny,Monday,morning,spring,0,4,low,apartment,none,air conditioning,low,135,0,59.901,2850.987,25500.567
11/04/2023,1155,65.234,10,85,cloudy,Tuesday,afternoon,spring,0,5,medium,house,gas,fans,medium,150,1,57.901,2900.987,26000.123
12/04/2023,1156,63.901,12,80,rainy,Wednesday,evening,spring,0,3,high,apartment,electric,air conditioning,high,165,0,65.234,2950.987,27000.567
13/04/2023,1157,61.234,15,70,sunny,Thursday,morning,spring,0,4,low,house,none,fans,low,140,1,63.901,3000.987,28000.123
14/04/2023,1158,69.901,10,85,cloudy,Friday,afternoon,spring,0,5,medium,apartment,gas,air conditioning,medium,155,0,61.234,3050.987,29000.567
15/04/2023,1159,67.234,12,80,rainy,Saturday,evening,spring,0,3,high,house,electric,fans,high,170,1,69.901,3100.987,30000.123
16/04/2023,1160,65.901,15,70,sunny,Sunday,morning,spring,0,4,low,apartment,none,air conditioning,low,145,0,67.234,3150.987,31000.567
17/04/2023,1161,73.901,10,85,cloudy,Monday,afternoon,spring,0,5,medium,house,gas,fans,medium,160,1,65.901,3200.987,32000.123
18/04/2023,1162,71.234,12,80,rainy,Tuesday,evening,spring,0,3,high,apartment,electric,air conditioning,high,175,0,73.901,3250.987,33000.567
19/04/2023,1163,69.901,15,70,sunny,Wednesday,morning,spring,0,4,low,house,none,fans,low,150,1,71.234,3300.987,34000.123
20/04/2023,1164,77.234,10,85,cloudy,Thursday,afternoon,spring,0,5,medium,apartment,gas,air conditioning,medium,165,0,69.901,3350.987,35000.567
21/04/2023,1165,75.901,12,80,rainy,Friday,evening,spring,0,3,high,house,electric,fans,high,180,1,77.234,3400.987,36000.123
22/04/2023,1166,73.901,10,85,cloudy,Monday,afternoon,spring,0,5,medium,apartment,gas,air conditioning,medium,160,1,75.901,3450.987,37000.123
23/04/2023,1167,71.234,12,80,rainy,Tuesday,evening,spring,0,3,high,house,electric,fans,high,175,0,73.901,3500.987,38000.567
24/04/2023,1168,69.901,15,70,sunny,Wednesday,morning,spring,0,4,low,apartment,none,air conditioning,low,150,1,71.234,3550.987,39000.123
25/04/2023,1169,77.234,10,85,cloudy,Thursday,afternoon,spring,0,5,medium,house,gas,fans,medium,165,0,69.901,3600.987,40000.567
26/04/2023,1170,75.901,12,80,rainy,Friday,evening,spring,0,3,high,apartment,electric,air conditioning,high,180,1,77.234,3650.987,41000.123
27/04/2023,1171,73.901,10,85,cloudy,Monday,afternoon,spring,0,5,medium,house,gas,fans,medium,160,1,75.901,3700.987,42000.123
28/04/2023,1172,71.234,12,80,rainy,Tuesday,evening,spring,0,3,high,apartment,electric,air conditioning,high,175,0,73.901,3750.987,44000.567
29/04/2023,1173,69.901,15,70,sunny,Wednesday,morning,spring,0,4,low,house,none,fans,low,150,1,71.234,3800.987,46000.123
30/04/2023,1174,77.234,10,85,cloudy,Thursday,afternoon,spring,0,5,medium,apartment,gas,air conditioning,medium,165,0,69.901,3850.987,48000.567
01/05/2023,1175,75.901,12,80,rainy,Friday,evening,spring,0,3,high,house,electric,fans,high,180,1,77.234,3900.987,50000.123
02/05/2023,1176,73.901,10,85,cloudy,Monday,afternoon,spring,0,5,medium,apartment,gas,air conditioning,medium,160,1,75.901,3950.987,52000.123
03/05/2023,1177,71.234,12,80,rainy,Tuesday,evening,spring,0,3,high,house,electric,fans,high,175,0,73.901,4000.987,54000.567
04/05/2023,1178,69.901,15,70,sunny,Wednesday,morning,spring,0,4,low,apartment,none,air conditioning,low,150,1,71.234,4050.987,56000.123
05/05/2023,1179,67.234,10,85,cloudy,Thursday,afternoon,spring,0,6,medium,house,gas,fans,medium,165,1,69.901,4100.987,58000.567
06/05/2023,1180,65.901,12,80,rainy,Friday,evening,spring,0,2,low,apartment,electric,air conditioning,low,140,0,67.234,4150.987,60000.123
07/05/2023,1181,63.901,10,85,cloudy,Monday,afternoon,spring,0,7,high,house,gas,fans,high,185,1,65.901,4200.987,62000.567
08/05/2023,1182,61.234,12,80,rainy,Tuesday,evening,spring,0,3,medium,apartment,electric,air conditioning,medium,170,0,63.901,4250.987,64000.123
09/05/2023,1183,59.901,15,70,sunny,Wednesday,morning,spring,0,5,low,house,none,fans,low,145,1,61.234,4300.987,66000.567
10/05/2023,1184,57.234,10,85,cloudy,Thursday,afternoon,spring,0,8,high,apartment,gas,air conditioning,high,190,0,59.901,4350.987,68000.123
11/05/2023,1185,55.901,12,80,rainy,Friday,evening,spring,0,4,medium,house,electric,fans,medium,175,1,57.234,4400.987,70000.567
12/05/2023,1186,53.901,10,85,cloudy,Monday,afternoon,spring,0,9,low,apartment,none,air conditioning,low,150,0,55.901,4450.987,72000.123
13/05/2023,1187,51.234,12,80,rainy,Tuesday,evening,spring,0,6,high,house,gas,fans,high,185,1,53.901,4500.987,74000.567
14/05/2023,1188,49.901,15,70,sunny,Wednesday,morning,spring,0,7,medium,apartment,electric,air conditioning,medium,165,0,51.234,4550.987,76000.123
15/05/2023,1189,48.234,10,85,cloudy,Thursday,afternoon,spring,0,10,low,house,none,fans,low,140,1,49.901,4600.987,78000.567
16/05/2023,1190,46.901,12,80,rainy,Friday,evening,spring,0,8,high,apartment,gas,air conditioning,high,190,0,48.234,4650.987,80000.123
17/05/2023,1191,45.234,10,85,cloudy,Monday,afternoon,spring,0,11,medium,house,electric,fans,medium,180,1,46.901,4700.987,82000.567
18/05/2023,1192,54.901,18,65,sunny,Tuesday,morning,summer,0,5,high,apartment,gas,air conditioning,high,200,1,45.234,4750.987,84000.123
19/05/2023,1193,52.234,15,70,cloudy,Wednesday,afternoon,summer,0,9,medium,house,electric,fans,medium,175,0,54.901,4800.987,86000.567
20/05/2023,1194,50.901,12,80,rainy,Thursday,evening,summer,0,7,low,apartment,gas,air conditioning,high,210,1,52.234,4850.987,88000.123
21/05/2023,1195,49.234,10,85,cloudy,Friday,afternoon,summer,0,6,high,house,electric,fans,medium,215,0,50.901,4900.987,90000.567
22/05/2023,1196,47.901,12,80,rainy,Monday,evening,summer,0,8,medium,apartment,gas,air conditioning,high,220,1,49.234,4950.987,92000.123
23/05/2023,1197,46.234,10,85,cloudy,Tuesday,afternoon,summer,0,9,low,house,electric,fans,medium,225,0,47.901,5000.987,94000.567
24/05/2023,1198,44.901,12,80,rainy,Wednesday,evening,summer,0,7,high,apartment,gas,air conditioning,high,230,1,46.234,5050.987,96000.123
25/05/2023,1199,43.234,10,85,cloudy,Thursday,afternoon,summer,0,8,medium,house,electric,fans,medium,235,0,44.901,5100.987,98000.567
26/05/2023,1200,41.901,12,80,rainy,Friday,evening,summer,0,9,low,apartment,gas,air conditioning,high,240,1,43.234,5150.987,100000.123
20/02/2023,1201,150,12,60,sunny,Monday,morning,winter,0,3,medium,house,electric,none,high,80,1,120,1000,5000
20/02/2023,1202,180,15,50,cloudy,Tuesday,afternoon,winter,0,2,high,apartment,gas,air conditioning,medium,90,0,160,1100,5500
20/02/2023,1203,220,10,70,rainy,Wednesday,evening,winter,0,4,low,house,electric,none,high,70,1,200,1300,6000
20/02/2023,1204,200,12,60,sunny,Thursday,morning,winter,0,2,medium,apartment,gas,air conditioning,medium,85,0,220,1400,6200
20/02/2023,1205,250,15,50,cloudy,Friday,afternoon,winter,0,3,high,house,electric,none,high,95,1,250,1500,6500
20/02/2023,1206,280,10,70,rainy,Saturday,evening,winter,0,4,low,apartment,gas,air conditioning,medium,75,0,280,1600,6800
20/02/2023,1207,300,12,60,sunny,Sunday,morning,winter,0,2,medium,house,electric,none,high,80,1,300,1700,7000
21/02/2023,1208,320,15,50,cloudy,Monday,afternoon,winter,0,3,high,apartment,gas,air conditioning,medium,90,0,320,1800,7200
21/02/2023,1209,350,10,70,rainy,Tuesday,evening,winter,0,4,low,house,electric,none,high,70,1,350,1900,7500
21/02/2023,1210,380,12,60,sunny,Wednesday,morning,winter,0,2,medium,apartment,gas,air conditioning,medium,85,0,380,2000,7800
21/02/2023,1211,420,15,50,cloudy,Thursday,afternoon,winter,0,3,high,house,electric,none,high,95,1,420,2100,8200
21/02/2023,1212,460,10,70,rainy,Friday,evening,winter,0,4,low,apartment,gas,air conditioning,medium,75,0,460,2200,8600
21/02/2023,1213,500,12,60,sunny,Saturday,morning,winter,0,2,medium,house,electric,none,high,80,1,500,2300,9000
21/02/2023,1214,540,15,50,cloudy,Sunday,afternoon,winter,0,3,high,apartment,gas,air conditioning,medium,90,0,540,2400,9400
01/03/2023,1231,520,18,55,sunny,Wednesday,morning,spring,0,2,medium,apartment,electric,air conditioning,medium,88,1,520,2500,10000
01/03/2023,1232,580,12,65,cloudy,Thursday,afternoon,spring,0,3,high,house,gas,none,high,92,0,580,2600,11000
01/03/2023,1233,640,15,50,rainy,Friday,evening,spring,0,4,low,apartment,electric,air conditioning,medium,78,1,640,2700,12000
01/03/2023,1234,700,18,55,sunny,Saturday,morning,spring,0,2,medium,house,gas,none,high,82,0,700,2800,13000
01/03/2023,1235,760,12,65,cloudy,Sunday,afternoon,spring,0,3,high,apartment,electric,air conditioning,medium,89,1,760,2900,14000
01/03/2023,1236,820,15,50,rainy,Monday,evening,spring,0,4,low,house,gas,none,high,76,0,820,3000,15000
02/03/2023,1237,880,18,55,sunny,Tuesday,morning,spring,0,2,medium,apartment,electric,air conditioning,medium,87,1,880,3100,16000
02/03/2023,1238,940,12,65,cloudy,Wednesday,afternoon,spring,0,3,high,house,gas,none,high,91,0,940,3200,17000
02/03/2023,1239,1000,15,50,rainy,Thursday,evening,spring,0,4,low,apartment,electric,air conditioning,medium,79,1,1000,3300,18000
02/03/2023,1240,1060,18,55,sunny,Friday,morning,spring,0,2,medium,house,gas,none,high,83,0,1060,3400,19000
02/03/2023,1241,1120,12,65,cloudy,Saturday,afternoon,spring,0,3,high,apartment,electric,air conditioning,medium,90,1,1120,3500,20000
02/03/2023,1242,1180,15,50,rainy,Sunday,evening,spring,0,4,low,house,gas,none,high,77,0,1180,3600,21000
03/03/2023,1243,1240,18,55,sunny,Monday,morning,spring,0,2,medium,apartment,electric,air conditioning,medium,86,1,1240,3700,22000
04/03/2023,1244,1300,12,65,cloudy,Tuesday,afternoon,spring,0,3,high,house,gas,none,high,92,0,1300,3800,23000
04/03/2023,1245,1360,15,50,rainy,Wednesday,evening,spring,0,4,low,apartment,electric,air conditioning,medium,81,1,1360,3900,24000
05/03/2023,1246,1420,18,55,sunny,Thursday,morning,spring,0,2,medium,house,gas,none,high,89,0,1420,4000,25000
05/03/2023,1247,1480,12,65,cloudy,Friday,afternoon,spring,0,3,high,apartment,electric,air conditioning,medium,95,1,1480,4100,26000
06/03/2023,1248,1540,15,50,rainy,Saturday,evening,spring,0,4,low,house,gas,none,high,84,0,1540,4200,27000
06/03/2023,1249,1600,18,55,sunny,Sunday,morning,spring,0,2,medium,apartment,electric,air conditioning,medium,91,1,1600,4300,28000
07/03/2023,1250,1660,12,65,cloudy,Monday,afternoon,spring,0,3,high,house,gas,none,high,98,0,1660,4400,29000
07/03/2023,1251,1720,15,50,rainy,Tuesday,evening,spring,0,4,low,apartment,electric,air conditioning,medium,85,1,1720,4500,30000
08/03/2023,1252,1780,18,55,sunny,Wednesday,morning,spring,0,2,medium,house,gas,none,high,93,0,1780,4600,31000
08/03/2023,1253,1840,12,65,cloudy,Thursday,afternoon,spring,0,3,high,apartment,electric,air conditioning,medium,96,1,1840,4700,32000
09/03/2023,1254,1900,15,50,rainy,Friday,evening,spring,0,4,low,house,gas,none,high,88,0,1900,4800,33000
09/03/2023,1255,1960,18,55,sunny,Saturday,morning,spring,0,2,medium,apartment,electric,air conditioning,medium,94,1,1960,4900,34000
10/03/2023,1256,2020,12,65,cloudy,Sunday,afternoon,spring,0,3,high,house,gas,none,high,99,0,2020,5000,35000
10/03/2023,1257,2080,15,50,rainy,Monday,evening,spring,0,4,low,apartment,electric,air conditioning,medium,92,1,2080,5100,36000
11/03/2023,1258,2140,18,55,sunny,Tuesday,morning,spring,0,2,medium,house,gas,none,high,95,0,2140,5200,37000
11/03/2023,1259,2200,12,65,cloudy,Wednesday,afternoon,spring,0,3,high,apartment,electric,air conditioning,medium,98,1,2200,5300,38000
12/03/2023,1260,2260,15,50,rainy,Thursday,evening,spring,0,4,low,house,gas,none,high,91,0,2260,5400,39000
12/03/2023,1261,2320,18,55,sunny,Friday,morning,spring,0,2,medium,apartment,electric,air conditioning,medium,94,1,2320,5500,40000
13/03/2023,1262,2380,12,65,cloudy,Saturday,afternoon,spring,0,3,high,house,gas,none,high,97,0,2380,5600,41000
13/03/2023,1263,2440,15,50,rainy,Sunday,evening,spring,0,4,low,apartment,electric,air conditioning,medium,90,1,2440,5700,42000
14/03/2023,1264,2500,18,55,sunny,Monday,morning,spring,0,2,medium,house,gas,none,high,93,0,2500,5800,43000
14/03/2023,1265,2560,12,65,cloudy,Tuesday,afternoon,spring,0,3,high,apartment,electric,air conditioning,medium,96,1,2560,5900,44000
15/03/2023,1266,2620,15,50,rainy,Wednesday,evening,spring,0,4,low,house,gas,none,high,89,0,2620,6000,45000
15/03/2023,1267,2680,18,55,sunny,Thursday,morning,spring,0,2,medium,apartment,electric,air conditioning,medium,92,1,2680,6100,46000
16/03/2023,1268,2740,12,65,cloudy,Friday,afternoon,spring,0,3,high,house,gas,none,high,95,0,2740,6200,47000
16/03/2023,1269,2800,15,50,rainy,Saturday,evening,spring,0,4,low,apartment,electric,air conditioning,medium,88,1,2800,6300,48000
17/03/2023,1270,2860,18,55,sunny,Sunday,morning,spring,0,2,medium,house,gas,none,high,91,0,2860,6400,49000
18/03/2023,1271,2920,12,65,cloudy,Monday,afternoon,spring,0,3,high,apartment,electric,air conditioning,medium,94,1,2920,6500,50000
19/03/2023,1272,2980,15,50,rainy,Tuesday,evening,spring,0,4,low,house,gas,none,high,87,0,2980,6600,51000
19/03/2023,1273,3040,18,55,sunny,Wednesday,morning,spring,0,2,medium,apartment,electric,air conditioning,medium,93,1,3040,6700,52000
20/03/2023,1274,3100,12,65,cloudy,Thursday,afternoon,spring,0,3,high,house,gas,none,high,96,0,3100,6800,53000
20/03/2023,1275,3160,15,50,rainy,Friday,evening,spring,0,4,low,apartment,electric,air conditioning,medium,90,1,3160,6900,54000
21/03/2023,1276,3220,18,55,sunny,Saturday,morning,spring,0,2,medium,house,gas,none,high,92,0,3220,7000,55000
21/03/2023,1277,3280,12,65,cloudy,Sunday,afternoon,spring,0,3,high,apartment,electric,air conditioning,medium,98,1,3280,7100,56000
22/03/2023,1278,3340,15,50,rainy,Monday,evening,spring,0,4,low,house,gas,none,high,85,0,3340,7200,57000
22/03/2023,1279,3400,18,55,sunny,Tuesday,morning,spring,0,2,medium,apartment,electric,air conditioning,medium,94,1,3400,7300,58000
23/03/2023,1280,3460,12,65,cloudy,Wednesday,afternoon,spring,0,3,high,house,gas,none,high,97,0,3460,7400,59000
23/03/2023,1281,3520,15,50,rainy,Thursday,evening,spring,0,4,low,apartment,electric,air conditioning,medium,89,1,3520,7500,60000
24/03/2023,1282,3580,18,55,sunny,Friday,morning,spring,0,2,medium,house,gas,none,high,93,0,3580,7600,61000
26/03/2023,1303,3640,12,65,cloudy,Monday,afternoon,spring,0,3,high,apartment,gas,none,medium,95,1,3640,7700,62000
26/03/2023,1304,3700,15,50,rainy,Tuesday,evening,spring,0,4,low,house,electric,air conditioning,high,88,0,3700,7800,63000
27/03/2023,1305,3760,18,55,sunny,Wednesday,morning,spring,0,2,medium,apartment,gas,none,medium,92,1,3760,7900,64000
27/03/2023,1306,3820,12,65,cloudy,Thursday,afternoon,spring,0,3,high,house,electric,air conditioning,high,96,0,3820,8000,65000
28/03/2023,1307,3880,15,50,rainy,Friday,evening,spring,0,4,low,apartment,gas,none,medium,90,1,3880,8100,66000
29/03/2023,1308,3940,18,55,sunny,Monday,morning,spring,0,2,medium,house,electric,air conditioning,high,98,0,3940,8200,67000
29/03/2023,1309,4000,12,65,cloudy,Tuesday,afternoon,spring,0,3,high,apartment,gas,none,medium,91,1,4000,8300,68000
30/03/2023,1310,4060,15,50,rainy,Wednesday,evening,spring,0,4,low,house,electric,air conditioning,high,87,0,4060,8400,69000
30/03/2023,1311,4120,18,55,sunny,Thursday,morning,spring,0,2,medium,apartment,gas,none,medium,94,1,4120,8500,70000
31/03/2023,1312,4180,12,65,cloudy,Friday,afternoon,spring,0,3,high,house,electric,air conditioning,high,99,0,4180,8600,71000
31/03/2023,1313,4240,15,50,rainy,Monday,evening,spring,0,4,low,apartment,gas,none,medium,86,1,4240,8700,72000
01/04/2023,1314,4300,18,55,sunny,Tuesday,morning,spring,0,2,medium,house,electric,air conditioning,high,93,0,4300,8800,73000
01/04/2023,1315,4360,12,65,cloudy,Wednesday,afternoon,spring,0,3,high,apartment,gas,none,medium,97,1,4360,8900,74000
02/04/2023,1316,4420,15,50,rainy,Thursday,evening,spring,0,4,low,house,gas,none,medium,85,1,4420,9000,75000
02/04/2023,1317,4480,18,55,sunny,Friday,morning,spring,0,2,medium,apartment,electric,air conditioning,high,92,0,4480,9100,76000
02/04/2023,1318,4540,12,65,cloudy,Monday,afternoon,spring,0,3,high,house,gas,none,medium,96,1,4540,9200,77000
03/04/2023,1319,4600,15,50,rainy,Tuesday,evening,spring,0,4,low,apartment,gas,none,medium,88,1,4600,9300,78000
03/04/2023,1320,4660,18,55,sunny,Wednesday,morning,spring,0,2,medium,house,electric,air conditioning,high,91,0,4660,9400,79000
03/04/2023,1321,4720,12,65,cloudy,Thursday,afternoon,spring,0,3,high,apartment,gas,none,medium,95,1,4720,9500,80000
04/04/2023,1322,4780,15,50,rainy,Friday,evening,spring,0,4,low,house,gas,none,medium,89,1,4780,9600,81000
04/04/2023,1323,4840,18,55,sunny,Monday,morning,spring,0,2,medium,apartment,electric,air conditioning,high,90,0,4840,9700,82000
04/04/2023,1324,4900,12,65,cloudy,Tuesday,afternoon,spring,0,3,high,house,gas,none,medium,94,1,4900,9800,83000
05/04/2023,1325,4960,15,50,rainy,Wednesday,evening,spring,0,4,low,apartment,gas,none,medium,87,1,4960,9900,84000
05/04/2023,1326,5020,18,55,sunny,Thursday,morning,spring,0,2,medium,house,electric,air conditioning,high,93,0,5020,10000,85000
05/04/2023,1327,5080,12,65,cloudy,Friday,afternoon,spring,0,3,high,apartment,gas,none,medium,98,1,5080,10100,86000
06/04/2023,1328,5140,15,50,rainy,Monday,evening,spring,0,4,low,house,gas,none,medium,86,1,5140,10200,87000
18/04/2023,1332,5300,18,55,sunny,Thursday,morning,summer,0,2,medium,house,electric,air conditioning,high,92,0,5300,10400,90000
18/04/2023,1333,5360,12,65,cloudy,Friday,afternoon,summer,0,3,high,apartment,gas,none,medium,99,1,5360,10500,91000
19/04/2023,1334,5420,15,50,rainy,Monday,evening,summer,0,4,low,house,gas,none,medium,85,1,5420,10600,92000
19/04/2023,1335,5480,18,55,sunny,Tuesday,morning,summer,0,2,medium,apartment,electric,air conditioning,high,91,0,5480,10700,93000
20/04/2023,1336,5540,12,65,cloudy,Wednesday,afternoon,summer,0,3,high,house,gas,none,medium,97,1,5540,10800,94000
20/04/2023,1337,5600,15,50,rainy,Thursday,evening,summer,0,4,low,apartment,gas,none,medium,84,1,5600,10900,95000
21/04/2023,1338,5660,18,55,sunny,Friday,morning,summer,0,2,medium,house,electric,air conditioning,high,90,0,5660,11000,96000
21/04/2023,1339,5720,12,65,cloudy,Monday,afternoon,summer,0,3,high,apartment,gas,none,medium,95,1,5720,11100,97000
01/03/2023,1301,50.23,22,60,sunny,Tuesday,morning,spring,0,2,medium,house,gas,fans,high,5,1,45.12,45.67,120.12
02/03/2023,1302,65.45,25,55,cloudy,Wednesday,afternoon,spring,0,3,high,apartment,electric,air conditioning,medium,4,0,65.23,46.12,130.23
03/03/2023,1303,78.9,28,65,rainy,Thursday,evening,spring,0,1,low,house,none,fans,low,3,1,78.12,47.23,110.45
04/03/2023,1304,92.12,30,70,sunny,Friday,morning,spring,0,4,medium,apartment,gas,air conditioning,high,5,0,92.23,48.12,140.12
05/03/2023,1305,105.67,32,75,cloudy,Saturday,afternoon,spring,0,2,high,house,electric,fans,medium,4,1,105.45,49.23,150.23
06/03/2023,1306,119.12,34,80,rainy,Sunday,evening,spring,0,3,medium,apartment,gas,air conditioning,high,5,0,119.23,50.12,160.12
07/03/2023,1307,132.45,36,85,sunny,Monday,morning,spring,0,1,low,house,none,fans,low,3,1,132.23,51.23,170.45
08/03/2023,1308,145.67,38,90,cloudy,Tuesday,afternoon,spring,0,4,high,apartment,electric,air conditioning,medium,4,0,145.45,52.12,180.23
09/03/2023,1309,158.9,40,95,rainy,Wednesday,evening,spring,0,2,medium,house,gas,fans,high,5,1,158.23,53.23,190.45
10/03/2023,1310,172.12,42,100,sunny,Thursday,morning,spring,0,3,high,apartment,electric,air conditioning,medium,4,0,172.23,54.12,200.12
11/03/2023,1311,185.45,44,105,cloudy,Friday,afternoon,spring,0,1,low,house,none,fans,low,3,1,185.23,55.23,210.45
12/03/2023,1312,198.67,46,110,rainy,Saturday,evening,spring,0,4,medium,apartment,gas,air conditioning,high,5,0,198.23,56.12,220.12
13/03/2023,1313,211.9,48,115,sunny,Sunday,morning,spring,0,2,high,house,electric,fans,medium,4,1,211.45,57.23,230.23
14/03/2023,1314,225.12,50,120,cloudy,Monday,afternoon,spring,0,3,medium,apartment,gas,air conditioning,high,5,0,225.45,58.12,240.12
15/03/2023,1315,238.45,52,125,rainy,Tuesday,evening,spring,0,2,low,house,none,fans,low,3,1,238.23,59.23,250.23
16/03/2023,1316,251.9,54,130,sunny,Wednesday,morning,spring,0,4,high,apartment,electric,air conditioning,medium,4,0,251.45,60.12,260.12
17/03/2023,1317,265.12,56,135,cloudy,Thursday,afternoon,spring,0,3,medium,house,gas,fans,high,5,1,265.23,61.23,270.23
18/03/2023,1318,278.45,58,140,rainy,Friday,evening,spring,0,2,low,apartment,none,air conditioning,low,3,0,278.23,62.12,280.12
19/03/2023,1319,291.9,60,145,sunny,Saturday,morning,spring,0,4,high,house,electric,fans,medium,4,1,291.45,63.23,290.23
20/03/2023,1320,305.12,62,150,cloudy,Sunday,afternoon,spring,0,3,medium,apartment,gas,air conditioning,high,5,0,305.23,64.12,300.12
21/03/2023,1321,318.45,64,155,rainy,Monday,evening,spring,0,2,low,house,none,fans,low,3,1,318.23,65.23,310.23
22/03/2023,1322,331.9,66,160,sunny,Tuesday,morning,spring,0,4,high,apartment,electric,air conditioning,medium,4,0,331.45,66.12,320.12
23/03/2023,1323,345.12,68,165,cloudy,Wednesday,afternoon,spring,0,3,medium,house,gas,fans,high,5,1,345.23,67.23,330.23
24/03/2023,1324,358.45,70,170,rainy,Thursday,evening,spring,0,2,low,apartment,none,air conditioning,low,3,0,358.23,68.12,340.12
25/03/2023,1325,371.9,72,175,sunny,Friday,morning,spring,0,4,high,house,electric,fans,medium,4,1,371.45,69.23,350.23
26/03/2023,1326,385.12,74,180,cloudy,Saturday,afternoon,spring,0,3,medium,apartment,gas,air conditioning,high,5,0,385.23,70.12,360.12
27/03/2023,1327,398.45,76,185,rainy,Sunday,evening,spring,0,2,low,house,none,fans,low,3,1,398.23,71.12,370.12
28/03/2023,1328,411.9,78,190,sunny,Monday,morning,spring,0,4,high,apartment,electric,air conditioning,medium,4,0,411.45,72.23,380.23
29/03/2023,1329,425.12,80,195,cloudy,Tuesday,afternoon,spring,0,3,medium,house,gas,fans,high,5,1,425.23,73.12,390.12
30/03/2023,1330,438.45,82,200,rainy,Wednesday,evening,spring,0,2,low,apartment,none,air conditioning,low,3,0,438.23,74.12,400.12
31/03/2023,1331,451.9,84,205,sunny,Thursday,morning,spring,0,4,high,house,electric,fans,medium,4,1,451.45,75.23,410.23
01/04/2023,1332,465.12,86,210,cloudy,Friday,afternoon,spring,0,3,medium,apartment,gas,air conditioning,high,5,0,465.23,76.12,420.12
02/04/2023,1333,478.45,88,215,rainy,Saturday,evening,spring,0,2,low,house,none,fans,low,3,1,478.23,77.12,430.12
03/04/2023,1334,491.9,90,220,sunny,Sunday,morning,spring,0,4,high,apartment,electric,air conditioning,medium,4,0,491.45,78.23,440.23
04/04/2023,1335,505.12,92,225,cloudy,Monday,afternoon,spring,0,3,medium,house,gas,fans,high,5,1,505.23,79.12,450.12
05/04/2023,1336,518.45,94,230,rainy,Tuesday,evening,spring,0,2,low,apartment,none,air conditioning,low,3,0,518.23,80.12,460.12
06/04/2023,1337,531.9,96,235,sunny,Wednesday,morning,spring,0,4,high,house,electric,fans,medium,4,1,531.45,81.23,470.23
07/04/2023,1338,545.12,98,240,cloudy,Thursday,afternoon,spring,0,3,medium,apartment,gas,air conditioning,high,5,0,545.23,82.12,480.12
08/04/2023,1339,558.45,100,245,rainy,Friday,evening,spring,0,2,low,house,none,fans,low,3,1,558.23,83.12,490.12
09/04/2023,1340,571.9,102,250,sunny,Saturday,morning,spring,0,4,high,apartment,electric,air conditioning,medium,4,0,571.45,84.12,500.12
10/04/2023,1341,585.12,104,255,cloudy,Sunday,afternoon,spring,0,3,medium,house,gas,fans,high,5,1,585.23,85.12,510.12
11/04/2023,1342,598.45,106,260,rainy,Monday,evening,spring,0,2,low,apartment,none,air conditioning,low,3,0,598.23,86.12,520.12
12/04/2023,1343,611.9,108,265,sunny,Tuesday,morning,spring,0,4,high,house,electric,fans,medium,4,1,611.45,87.12,530.12
13/04/2023,1344,625.12,110,270,cloudy,Wednesday,afternoon,spring,0,3,medium,apartment,gas,air conditioning,high,5,0,625.23,88.12,540.12
14/04/2023,1345,638.45,112,275,rainy,Thursday,evening,spring,0,2,low,house,none,fans,low,3,1,638.23,89.12,550.12
15/04/2023,1346,651.9,114,280,sunny,Friday,morning,spring,0,4,high,apartment,electric,air conditioning,medium,4,0,651.45,90.12,560.12
16/04/2023,1347,665.12,116,285,cloudy,Saturday,afternoon,spring,0,3,medium,house,gas,fans,high,5,1,665.23,91.12,570.12
17/04/2023,1348,678.45,118,290,rainy,Sunday,evening,spring,0,2,low,apartment,none,air conditioning,low,3,0,678.23,92.12,580.12
18/04/2023,1349,691.9,120,295,sunny,Monday,morning,spring,0,4,high,house,electric,fans,medium,4,1,691.45,93.12,590.12
19/04/2023,1350,705.12,122,300,cloudy,Tuesday,afternoon,spring,0,3,medium,apartment,gas,air conditioning,high,5,0,705.23,94.12,600.12
20/04/2023,1351,718.45,124,305,rainy,Wednesday,evening,spring,0,2,low,house,none,fans,low,3,1,718.23,95.12,610.12
21/04/2023,1352,731.9,126,310,sunny,Thursday,morning,spring,0,4,high,apartment,electric,air conditioning,medium,4,0,731.45,96.12,620.12
22/04/2023,1353,745.12,128,315,cloudy,Friday,afternoon,spring,0,3,medium,house,gas,fans,high,5,1,745.23,97.12,630.12
23/04/2023,1354,758.45,130,320,rainy,Saturday,evening,spring,0,2,low,apartment,none,air conditioning,low,3,0,758.23,98.12,640.12
24/04/2023,1355,771.9,132,325,sunny,Sunday,morning,spring,0,4,high,house,electric,fans,medium,4,1,771.45,99.12,650.12
25/04/2023,1356,785.12,134,330,cloudy,Monday,afternoon,spring,0,3,medium,apartment,gas,air conditioning,high,5,0,785.23,100.12,660.12
26/04/2023,1357,798.45,136,335,rainy,Tuesday,evening,spring,0,2,low,house,none,fans,low,3,1,798.23,101.12,670.12
27/04/2023,1358,811.9,138,340,sunny,Wednesday,morning,spring,0,4,high,apartment,electric,air conditioning,medium,4,0,811.45,102.12,680.12
28/04/2023,1359,825.12,140,345,cloudy,Thursday,afternoon,spring,0,3,medium,house,gas,fans,high,5,1,825.23,103.12,690.12
29/04/2023,1360,838.45,142,350,rainy,Friday,evening,spring,0,2,low,apartment,none,air conditioning,low,3,0,838.23,104.12,700.12
30/04/2023,1361,851.9,144,355,sunny,Saturday,morning,spring,0,4,high,house,electric,fans,medium,4,1,851.45,105.12,710.12
01/05/2023,1362,865.12,146,360,cloudy,Sunday,afternoon,spring,0,3,medium,apartment,gas,air conditioning,high,5,0,865.23,106.12,720.12
02/05/2023,1363,878.45,148,365,rainy,Monday,evening,spring,0,2,low,house,none,fans,low,3,1,878.23,107.12,730.12
03/05/2023,1364,891.9,150,370,sunny,Tuesday,morning,spring,0,4,high,apartment,electric,air conditioning,medium,4,0,891.45,108.12,740.12
04/05/2023,1365,905.12,152,375,cloudy,Wednesday,afternoon,spring,0,3,medium,house,gas,fans,high,5,1,905.23,109.12,750.12
05/05/2023,1366,918.45,154,380,sunny,Thursday,morning,spring,0,4,high,apartment,electric,air conditioning,medium,4,0,918.23,110.12,760.12
06/05/2023,1367,931.9,156,385,cloudy,Friday,afternoon,spring,0,3,medium,house,gas,fans,high,5,1,931.45,111.12,770.12
07/05/2023,1368,945.12,158,390,rainy,Saturday,morning,spring,0,2,low,apartment,none,air conditioning,low,3,0,945.23,112.12,780.12
08/05/2023,1369,958.45,160,395,sunny,Sunday,afternoon,spring,0,4,high,house,electric,fans,medium,4,1,958.23,113.12,790.12
09/05/2023,1370,971.9,162,400,cloudy,Monday,morning,spring,0,3,medium,apartment,gas,air conditioning,high,5,0,971.45,114.12,800.12
10/05/2023,1371,985.12,164,405,rainy,Tuesday,afternoon,spring,0,2,low,house,none,fans,low,3,1,985.23,115.12,810.12
11/05/2023,1372,998.45,166,410,sunny,Wednesday,morning,spring,0,4,high,apartment,electric,air conditioning,medium,4,0,998.23,116.12,820.12
12/05/2023,1373,1011.9,168,415,cloudy,Thursday,afternoon,spring,0,3,medium,house,gas,fans,high,5,1,1011.45,117.12,830.12
13/05/2023,1374,1025.12,170,420,rainy,Friday,morning,spring,0,2,low,apartment,none,air conditioning,low,3,0,1025.23,118.12,840.12
14/05/2023,1375,1038.45,172,425,sunny,Saturday,afternoon,spring,0,4,high,house,electric,fans,medium,4,1,1038.23,119.12,850.12
15/05/2023,1376,1051.9,174,430,cloudy,Sunday,morning,spring,0,3,medium,apartment,gas,air conditioning,high,5,0,1051.45,120.12,860.12
16/05/2023,1377,1065.12,176,435,rainy,Monday,afternoon,spring,0,2,low,house,none,fans,low,3,1,1065.23,121.12,870.12
17/05/2023,1378,1078.45,178,440,sunny,Tuesday,morning,spring,0,4,high,apartment,electric,air conditioning,medium,4,0,1078.23,122.12,880.12
18/05/2023,1379,1091.9,180,445,cloudy,Wednesday,afternoon,spring,0,3,medium,house,gas,fans,high,5,1,1091.45,123.12,890.12
19/05/2023,1380,1104.12,182,450,rainy,Thursday,morning,spring,0,2,low,apartment,none,air conditioning,low,3,0,1104.23,124.12,900.12
20/05/2023,1381,1117.45,184,455,sunny,Friday,afternoon,spring,0,4,high,house,electric,fans,medium,4,1,1117.23,125.12,910.12
21/05/2023,1382,1130.9,186,460,cloudy,Saturday,morning,spring,0,3,medium,apartment,gas,air conditioning,high,5,0,1130.45,126.12,920.12
22/05/2023,1383,1143.12,188,465,rainy,Sunday,afternoon,spring,0,2,low,house,none,fans,low,3,1,1143.23,127.12,930.12
23/05/2023,1384,1156.45,190,470,sunny,Monday,morning,spring,0,4,high,apartment,electric,air conditioning,medium,4,0,1156.23,128.12,940.12
24/05/2023,1385,1169.9,192,475,cloudy,Tuesday,afternoon,spring,0,3,medium,house,gas,fans,high,5,1,1169.45,129.12,950.12
25/05/2023,1386,1182.12,194,480,rainy,Wednesday,morning,spring,0,2,low,apartment,none,air conditioning,low,3,0,1182.23,130.12,960.12
26/05/2023,1387,1195.45,196,485,sunny,Thursday,afternoon,spring,0,4,high,house,electric,fans,medium,4,1,1195.23,131.12,970.12
27/05/2023,1388,1208.9,198,490,cloudy,Friday,morning,spring,0,3,medium,apartment,gas,air conditioning,high,5,0,1208.45,132.12,980.12
28/05/2023,1389,1221.12,200,495,rainy,Saturday,afternoon,spring,0,2,low,house,none,fans,low,3,1,1221.23,133.12,990.12
29/05/2023,1390,1234.45,202,500,sunny,Sunday,morning,spring,0,4,high,apartment,electric,air conditioning,medium,4,0,1234.23,134.12,1000.12
30/05/2023,1391,1247.9,204,505,cloudy,Monday,afternoon,spring,0,3,medium,house,gas,fans,high,5,1,1247.45,135.12,1010.12
31/05/2023,1392,1261.12,206,510,rainy,Tuesday,morning,spring,0,2,low,apartment,none,fans,low,3,0,1261.23,136.12,1020.12
01/06/2023,1393,1274.45,208,515,sunny,Wednesday,afternoon,spring,0,4,high,house,electric,air conditioning,medium,4,1,1274.23,137.12,1030.12
02/06/2023,1394,1287.9,210,520,cloudy,Thursday,morning,spring,0,3,medium,apartment,gas,fans,high,5,0,1287.45,138.12,1040.12
03/06/2023,1395,1301.12,212,525,rainy,Friday,afternoon,spring,0,2,low,house,none,fans,low,3,1,1301.23,139.12,1050.12
04/06/2023,1396,1314.45,214,530,sunny,Saturday,morning,spring,0,4,high,apartment,electric,air conditioning,medium,4,0,1314.23,140.12,1060.12
05/06/2023,1397,1327.9,216,535,cloudy,Sunday,afternoon,spring,0,3,medium,house,gas,fans,high,5,1,1327.45,141.12,1070.12
06/06/2023,1398,1341.12,218,540,rainy,Monday,morning,spring,0,2,low,apartment,none,fans,low,3,0,1341.23,142.12,1080.12
07/06/2023,1399,1354.45,220,545,sunny,Tuesday,afternoon,spring,0,4,high,house,electric,air conditioning,medium,4,1,1354.23,143.12,1090.12
08/06/2023,1400,1367.9,222,550,cloudy,Wednesday,morning,spring,0,3,medium,apartment,gas,fans,high,5,0,1367.45,144.12,1100.12
01/01/2022,1501,45.67,12.5,60,sunny,Monday,morning,winter,0,3,medium,house,gas,fans,0.5,80,1,30.23,120.9,450.7
02/01/2022,1502,67.89,18.2,55,cloudy,Tuesday,afternoon,winter,0,2,high,apartment,electric,air conditioning,0.8,90,0,45.67,130.1,460.3
03/01/2022,1503,23.45,8.1,75,rainy,Wednesday,evening,winter,0,4,low,house,none,fans,0.2,70,1,67.89,110.9,400.1
04/01/2022,1504,56.78,22.9,50,sunny,Thursday,morning,winter,0,1,medium,apartment,electric,air conditioning,0.6,85,0,23.45,120.1,430.9
05/01/2022,1505,98.76,15.6,65,cloudy,Friday,afternoon,winter,0,5,high,house,gas,fans,0.9,95,1,56.78,140.9,490.1
06/01/2022,1506,34.56,10.3,80,rainy,Saturday,evening,winter,0,3,low,apartment,none,fans,0.4,75,0,98.76,110.1,410.9
07/01/2022,1507,72.34,20.1,55,sunny,Sunday,morning,winter,0,2,medium,house,electric,air conditioning,0.7,88,1,34.56,130.1,450.9
08/01/2022,1508,49.23,18.9,70,cloudy,Monday,afternoon,winter,0,4,high,apartment,gas,fans,0.8,92,0,72.34,140.9,480.1
09/01/2022,1509,26.54,12.1,85,rainy,Tuesday,evening,winter,0,1,low,house,none,fans,0.3,72,1,49.23,110.1,410.9
10/01/2022,1510,61.01,22.3,60,sunny,Wednesday,morning,winter,0,3,medium,apartment,electric,air conditioning,0.6,82,0,26.54,120.1,430.9
11/01/2022,1511,43.19,15.1,75,cloudy,Thursday,afternoon,winter,0,2,low,house,gas,fans,0.5,68,1,61.01,130.1,450.9
12/01/2022,1512,79.56,25.9,50,sunny,Friday,morning,winter,0,4,high,apartment,electric,air conditioning,0.9,95,0,43.19,150.1,490.1
13/01/2022,1513,55.23,19.1,65,cloudy,Saturday,afternoon,winter,0,1,low,house,none,fans,0.4,70,1,79.56,140.9,410.9
14/01/2022,1514,71.01,23.3,55,sunny,Sunday,morning,winter,0,3,medium,apartment,electric,air conditioning,0.7,85,0,55.23,160.1,460.9
15/01/2022,1515,39.56,17.9,70,cloudy,Monday,afternoon,winter,0,2,low,house,gas,fans,0.5,65,1,71.01,170.1,470.9
16/01/2022,1516,85.23,26.1,45,sunny,Tuesday,morning,winter,0,4,high,apartment,electric,air conditioning,0.9,98,0,39.56,180.1,500.1
17/01/2022,1517,59.01,20.3,60,cloudy,Wednesday,afternoon,winter,0,1,low,house,none,fans,0.4,75,1,85.23,190.1,490.1
18/01/2022,1518,73.56,24.9,50,sunny,Thursday,morning,winter,0,3,medium,apartment,electric,air conditioning,0.7,90,0,59.01,200.1,520.1
19/01/2022,1519,47.23,18.1,65,cloudy,Friday,afternoon,winter,0,2,low,house,gas,fans,0.5,70,1,73.56,210.1,530.9
20/01/2022,1520,81.01,22.3,55,sunny,Saturday,morning,winter,0,4,high,apartment,electric,air conditioning,0.9,95,0,47.23,220.1,560.9
21/01/2022,1521,63.56,19.9,60,cloudy,Sunday,afternoon,winter,0,1,low,house,none,fans,0.4,75,1,81.01,230.1,590.1
22/01/2022,1522,75.01,23.1,55,sunny,Monday,morning,winter,0,3,medium,apartment,electric,air conditioning,0.7,90,0,63.56,240.1,620.1
23/01/2022,1523,49.01,17.9,65,cloudy,Tuesday,afternoon,winter,0,2,low,house,gas,fans,0.5,70,1,75.01,250.1,650.1
24/01/2022,1524,71.23,20.1,60,sunny,Wednesday,morning,winter,0,1,high,apartment,electric,air conditioning,0.8,92,0,49.01,260.1,680.1
25/01/2022,1525,83.56,21.9,55,cloudy,Thursday,afternoon,winter,0,4,medium,house,gas,fans,0.6,85,1,71.23,270.1,700.1
26/01/2022,1526,59.01,19.1,65,sunny,Friday,morning,winter,0,2,low,apartment,electric,air conditioning,0.4,75,0,83.56,280.1,720.1
27/01/2022,1527,67.01,22.9,55,cloudy,Saturday,afternoon,winter,0,1,high,house,gas,fans,0.7,90,1,59.01,290.1,740.1
28/01/2022,1528,51.23,20.9,60,sunny,Sunday,morning,winter,0,3,medium,apartment,electric,air conditioning,0.5,80,0,67.01,300.1,760.1
29/01/2022,1529,79.01,21.1,55,cloudy,Monday,afternoon,winter,0,2,low,house,gas,fans,0.6,85,1,51.23,310.1,780.1
30/01/2022,1530,65.01,19.9,60,sunny,Tuesday,morning,winter,0,1,high,apartment,electric,air conditioning,0.7,90,0,79.01,320.1,800.1
31/01/2022,1531,73.01,22.1,55,cloudy,Wednesday,afternoon,winter,0,4,medium,house,gas,fans,0.5,80,1,65.01,330.1,820.1
01/02/2022,1532,61.01,20.1,60,sunny,Thursday,morning,winter,0,2,low,apartment,electric,air conditioning,0.4,75,0,73.01,340.1,840.1
02/02/2022,1533,77.01,21.9,55,cloudy,Friday,afternoon,winter,0,1,high,house,gas,fans,0.6,85,1,61.01,350.1,860.1
03/02/2022,1534,69.01,19.1,60,sunny,Saturday,morning,winter,0,3,medium,apartment,electric,air conditioning,0.7,90,0,77.01,360.1,880.1
04/02/2022,1535,63.01,22.9,55,cloudy,Sunday,afternoon,winter,0,2,low,house,gas,fans,0.5,80,1,69.01,370.1,900.1
05/02/2022,1536,79.01,20.9,60,sunny,Monday,morning,winter,0,1,high,apartment,electric,air conditioning,0.6,85,0,63.01,380.1,920.1
06/02/2022,1537,71.01,21.1,65,cloudy,Tuesday,afternoon,winter,0,3,medium,house,gas,fans,0.7,90,1,79.01,390.1,940.1
07/02/2022,1538,67.01,19.9,60,sunny,Wednesday,morning,winter,0,2,low,apartment,electric,air conditioning,0.5,80,0,71.01,400.1,960.1
08/02/2022,1539,75.01,22.1,55,cloudy,Thursday,afternoon,winter,0,1,high,house,gas,fans,0.6,85,1,67.01,410.1,980.1
09/02/2022,1540,73.01,20.9,60,sunny,Friday,morning,winter,0,3,medium,apartment,electric,air conditioning,0.7,90,0,75.01,420.1,1000.1
10/02/2022,1541,69.01,21.9,65,cloudy,Saturday,afternoon,winter,0,2,low,house,gas,fans,0.5,80,1,73.01,430.1,1020.1
11/02/2022,1542,77.01,19.1,60,sunny,Sunday,morning,winter,0,1,high,apartment,electric,air conditioning,0.6,85,0,69.01,440.1,1040.1
12/02/2022,1543,79.01,22.9,55,cloudy,Monday,afternoon,winter,0,3,medium,house,gas,fans,0.7,90,1,77.01,450.1,1060.1
13/02/2022,1544,75.01,20.9,60,sunny,Tuesday,morning,winter,0,2,low,apartment,electric,air conditioning,0.5,80,0,79.01,460.1,1080.1
14/02/2022,1545,71.01,21.1,65,cloudy,Wednesday,afternoon,winter,0,1,high,house,gas,fans,0.6,85,1,75.01,470.1,1100.1
15/02/2022,1546,67.01,19.9,60,sunny,Thursday,morning,winter,0,3,medium,apartment,electric,air conditioning,0.7,90,0,71.01,480.1,1120.1
16/02/2022,1547,73.01,22.1,55,cloudy,Friday,afternoon,winter,0,2,low,house,gas,fans,0.5,80,1,67.01,490.1,1140.1
17/02/2022,1548,69.01,20.9,60,sunny,Saturday,morning,winter,0,1,high,apartment,electric,air conditioning,0.6,85,0,73.01,500.1,1160.1
18/02/2022,1549,75.01,21.9,65,cloudy,Sunday,afternoon,winter,0,3,medium,house,gas,fans,0.7,90,1,69.01,510.1,1180.1
20/02/2022,1550,72.01,23.1,55,sunny,Monday,morning,winter,0,2,low,apartment,electric,air conditioning,0.5,80,0,75.01,520.1,1200.1
21/02/2022,1551,68.01,22.9,60,cloudy,Tuesday,afternoon,winter,0,1,high,house,gas,fans,0.6,85,1,72.01,530.1,1220.1
22/02/2022,1552,74.01,21.1,65,sunny,Wednesday,morning,winter,0,3,medium,apartment,electric,air conditioning,0.7,90,0,68.01,540.1,1240.1
23/02/2022,1553,70.01,20.9,55,cloudy,Thursday,afternoon,winter,0,2,low,house,gas,fans,0.5,80,1,74.01,550.1,1260.1
24/02/2022,1554,76.01,23.9,60,sunny,Friday,morning,winter,0,1,high,apartment,electric,air conditioning,0.6,85,0,70.01,560.1,1280.1
25/02/2022,1555,78.01,22.1,65,cloudy,Saturday,afternoon,winter,0,3,medium,house,gas,fans,0.7,90,1,76.01,570.1,1300.1
26/02/2022,1556,80.01,21.9,55,sunny,Sunday,morning,winter,0,2,low,apartment,electric,air conditioning,0.5,80,0,78.01,580.1,1320.1
27/02/2022,1557,82.01,23.1,60,cloudy,Monday,afternoon,winter,0,1,high,house,gas,fans,0.6,85,1,80.01,590.1,1340.1
28/02/2022,1558,84.01,22.9,65,sunny,Tuesday,morning,winter,0,3,medium,apartment,electric,air conditioning,0.7,90,0,82.01,600.1,1360.1
01/03/2022,1559,86.01,21.1,55,cloudy,Wednesday,afternoon,winter,0,2,low,house,gas,fans,0.5,80,1,84.01,610.1,1380.1
02/03/2022,1560,88.01,20.9,60,sunny,Thursday,morning,winter,0,1,high,apartment,electric,air conditioning,0.6,85,0,86.01,620.1,1400.1
03/03/2022,1561,90.01,22.1,65,cloudy,Friday,afternoon,winter,0,3,medium,house,gas,fans,0.7,90,1,88.01,630.1,1420.1
04/03/2022,1562,92.01,21.9,55,sunny,Saturday,morning,winter,0,2,low,apartment,electric,air conditioning,0.5,80,0,90.01,640.1,1440.1
05/03/2022,1563,94.01,20.1,60,cloudy,Sunday,afternoon,winter,0,1,high,house,gas,fans,0.6,85,1,92.01,650.1,1460.1
06/03/2022,1564,96.01,22.9,65,sunny,Monday,morning,winter,0,3,medium,apartment,electric,air conditioning,0.7,90,0,94.01,660.1,1480.1
07/03/2022,1565,98.01,21.1,55,cloudy,Tuesday,afternoon,winter,0,2,low,house,gas,fans,0.5,80,1,96.01,670.1,1500.1
08/03/2022,1566,100.01,20.9,60,sunny,Wednesday,morning,winter,0,1,high,apartment,electric,air conditioning,0.6,85,0,98.01,680.1,1520.1
09/03/2022,1567,102.01,22.1,65,cloudy,Thursday,afternoon,winter,0,3,medium,house,gas,fans,0.7,90,1,100.01,690.1,1540.1
10/03/2022,1568,104.01,21.9,55,sunny,Friday,morning,winter,0,2,low,apartment,electric,air conditioning,0.5,80,0,102.01,700.1,1560.1
11/03/2022,1569,106.01,20.1,60,cloudy,Saturday,afternoon,winter,0,1,high,house,gas,fans,0.6,85,1,104.01,710.1,1580.1
12/03/2022,1570,108.01,22.9,65,sunny,Sunday,morning,winter,0,3,medium,apartment,electric,air conditioning,0.7,90,0,106.01,720.1,1600.1
13/03/2022,1571,110.01,21.1,55,cloudy,Monday,afternoon,winter,0,2,low,house,gas,fans,0.5,80,1,108.01,730.1,1620.1
14/03/2022,1572,112.01,20.9,60,sunny,Tuesday,morning,winter,0,1,high,apartment,electric,air conditioning,0.6,85,0,110.01,740.1,1640.1
15/03/2022,1573,114.01,22.1,65,cloudy,Wednesday,afternoon,winter,0,3,medium,house,gas,fans,0.7,90,1,112.01,750.1,1660.1
16/03/2022,1574,116.01,21.9,55,sunny,Thursday,morning,winter,0,2,low,apartment,electric,air conditioning,0.5,80,0,114.01,760.1,1680.1
17/03/2022,1575,118.01,20.1,60,cloudy,Friday,afternoon,winter,0,1,high,house,gas,fans,0.6,85,1,116.01,770.1,1700.1
18/03/2022,1576,120.01,22.9,65,sunny,Saturday,morning,winter,0,3,medium,apartment,electric,air conditioning,0.7,90,0,118.01,780.1,1720.1
19/03/2022,1577,122.01,21.1,55,cloudy,Sunday,afternoon,winter,0,2,low,house,gas,fans,0.5,80,1,120.01,790.1,1740.1
20/03/2022,1578,124.01,20.9,60,sunny,Monday,morning,spring,0,1,high,apartment,electric,air conditioning,0.6,85,0,122.01,800.1,1760.1
21/03/2022,1579,126.01,22.1,65,cloudy,Tuesday,afternoon,spring,0,3,medium,house,gas,fans,0.7,90,1,124.01,810.1,1780.1
22/03/2022,1580,128.01,21.9,55,sunny,Wednesday,morning,spring,0,2,low,apartment,electric,air conditioning,0.5,80,0,126.01,820.1,1800.1
23/03/2022,1581,130.01,20.1,60,cloudy,Thursday,afternoon,spring,0,1,high,house,gas,fans,0.6,85,1,128.01,830.1,1820.1
24/03/2022,1582,132.01,22.9,65,sunny,Friday,morning,spring,0,3,medium,apartment,electric,air conditioning,0.7,90,0,130.01,840.1,1840.1
25/03/2022,1583,134.01,21.1,55,cloudy,Saturday,afternoon,spring,0,2,low,house,gas,fans,0.5,80,1,132.01,850.1,1860.1
26/03/2022,1584,136.01,20.9,60,sunny,Sunday,morning,spring,0,1,high,apartment,electric,air conditioning,0.6,85,0,134.01,860.1,1880.1
27/03/2022,1585,138.01,22.1,65,cloudy,Monday,afternoon,summer,0,3,medium,house,gas,fans,0.7,90,1,136.01,870.1,1900.1
28/03/2022,1586,140.01,21.9,55,sunny,Tuesday,morning,summer,0,2,low,apartment,electric,air conditioning,0.5,80,0,138.01,880.1,1920.1
29/03/2022,1587,142.01,20.1,60,cloudy,Wednesday,afternoon,summer,0,1,high,house,gas,fans,0.6,85,1,140.01,890.1,1940.1
30/03/2022,1588,144.01,22.9,65,sunny,Thursday,morning,summer,0,3,medium,apartment,electric,air conditioning,0.7,90,0,142.01,900.1,1960.1
01/04/2022,1589,146.01,21.1,55,cloudy,Friday,afternoon,summer,0,2,low,house,gas,fans,0.5,80,1,144.01,910.1,1980.1
02/04/2022,1590,148.01,20.9,60,sunny,Saturday,morning,summer,0,1,high,apartment,electric,air conditioning,0.6,85,0,146.01,920.1,2000.1
03/04/2022,1591,150.01,22.1,65,cloudy,Sunday,afternoon,summer,0,3,medium,house,gas,fans,0.7,90,1,148.01,930.1,2020.1
04/04/2022,1592,152.01,21.9,55,sunny,Monday,morning,summer,0,2,low,apartment,electric,air conditioning,0.5,80,0,150.01,940.1,2040.1
05/04/2022,1593,154.01,20.1,60,cloudy,Tuesday,afternoon,summer,0,1,high,house,gas,fans,0.6,85,1,152.01,950.1,2060.1
06/04/2022,1594,156.01,22.9,65,sunny,Wednesday,morning,summer,0,3,medium,apartment,electric,air conditioning,0.7,90,0,154.01,960.1,2080.1
07/04/2022,1595,158.01,21.1,55,cloudy,Thursday,afternoon,summer,0,2,low,house,gas,fans,0.5,80,1,156.01,970.1,2100.1
08/04/2022,1596,160.01,20.9,60,sunny,Friday,morning,summer,0,1,high,apartment,electric,air conditioning,0.6,85,0,158.01,980.1,2120.1
09/04/2022,1597,162.01,22.1,65,cloudy,Saturday,afternoon,summer,0,3,medium,house,gas,fans,0.7,90,1,160.01,990.1,2140.1
10/04/2022,1598,164.01,21.9,55,sunny,Sunday,morning,summer,0,2,low,apartment,electric,air conditioning,0.5,80,0,162.01,1000.1,2160.1
11/04/2022,1599,166.01,20.1,60,cloudy,Monday,afternoon,summer,0,1,high,house,gas,fans,0.6,85,1,164.01,1010.1,2180.1
12/04/2022,1600,168.01,22.9,65,sunny,Tuesday,morning,summer,0,3,medium,apartment,electric,air conditioning,0.7,90,0,166.01,1020.1,2200.1
20/02/2023,1601,12.5,22,60,cloudy,Monday,morning,winter,0,3,medium,house,electric,fans,high,6,1,15.2,120.5,500.8
21/02/2023,1602,18.7,25,55,sunny,Tuesday,afternoon,winter,0,4,high,apartment,gas,air conditioning,medium,8,0,12.5,130.2,520.9
22/02/2023,1603,11.9,20,65,rainy,Wednesday,evening,winter,0,2,low,house,electric,fans,low,4,1,18.7,110.3,450.1
23/02/2023,1604,15.6,23,50,cloudy,Thursday,morning,winter,0,5,medium,apartment,gas,air conditioning,high,7,0,11.9,140.1,530.7
24/02/2023,1605,20.3,26,45,sunny,Friday,afternoon,winter,0,6,high,house,electric,fans,medium,9,1,15.6,150.9,550.5
25/02/2023,1606,14.1,22,60,rainy,Saturday,evening,winter,0,3,low,apartment,gas,air conditioning,low,5,0,20.3,120.2,480.3
26/02/2023,1607,17.8,25,55,cloudy,Sunday,morning,winter,0,4,medium,house,electric,fans,high,6,1,14.1,130.9,500.1
27/02/2023,1608,12.8,20,65,sunny,Monday,afternoon,winter,0,5,high,apartment,gas,air conditioning,medium,8,0,17.8,140.5,520.8
28/02/2023,1609,16.5,23,50,rainy,Tuesday,evening,winter,0,6,medium,house,electric,fans,high,7,1,12.8,150.3,550.9
01/03/2023,1610,19.2,26,45,cloudy,Wednesday,morning,winter,0,7,high,apartment,gas,air conditioning,medium,9,0,16.5,160.8,580.5
02/03/2023,1611,13.6,22,60,sunny,Thursday,afternoon,winter,0,8,medium,house,electric,fans,high,6,1,19.2,170.2,600.8
03/03/2023,1612,18.9,25,55,rainy,Friday,evening,winter,0,9,high,apartment,gas,air conditioning,medium,8,0,13.6,180.5,620.9
04/03/2023,1613,14.8,23,50,cloudy,Saturday,morning,winter,0,10,medium,house,electric,fans,high,7,1,18.9,190.3,650.5
05/03/2023,1614,17.2,24,52,sunny,Sunday,afternoon,winter,0,5,low,apartment,none,fans,medium,5,0,14.8,200.1,680.9
06/03/2023,1615,15.6,22,58,rainy,Monday,evening,winter,0,4,medium,house,electric,fans,high,6,1,17.2,210.3,700.8
07/03/2023,1616,20.8,25,50,cloudy,Tuesday,morning,winter,0,6,high,apartment,gas,air conditioning,medium,8,0,15.6,220.1,720.5
08/03/2023,1617,12.9,23,55,sunny,Wednesday,afternoon,winter,0,7,medium,house,electric,fans,high,7,1,20.8,230.3,740.8
09/03/2023,1618,19.5,24,52,rainy,Thursday,evening,winter,0,8,high,apartment,gas,air conditioning,medium,9,0,12.9,240.1,760.5
10/03/2023,1619,16.2,25,50,cloudy,Friday,morning,winter,0,9,medium,house,electric,fans,high,6,1,19.5,250.3,780.9
11/03/2023,1620,14.1,24,55,sunny,Saturday,afternoon,winter,0,10,high,apartment,gas,air conditioning,medium,8,0,16.2,260.1,800.5
12/03/2023,1621,18.8,25,52,rainy,Sunday,evening,winter,0,11,medium,house,electric,fans,high,7,1,14.1,270.3,820.9
13/03/2023,1622,17.5,24,50,cloudy,Monday,morning,winter,0,12,high,apartment,gas,air conditioning,medium,9,0,18.8,280.1,840.5
14/03/2023,1623,15.9,25,55,sunny,Tuesday,afternoon,winter,0,13,medium,house,electric,fans,high,6,1,17.5,290.3,860.9
15/03/2023,1624,20.2,24,52,rainy,Wednesday,evening,winter,0,14,high,apartment,gas,air conditioning,medium,8,0,15.9,300.1,880.5
16/03/2023,1625,13.7,25,50,cloudy,Thursday,morning,winter,0,15,medium,house,electric,fans,high,7,1,20.2,310.3,900.9
17/03/2023,1626,19.1,24,55,sunny,Friday,afternoon,winter,0,16,high,apartment,gas,air conditioning,medium,9,0,13.7,320.1,920.5
18/03/2023,1627,16.8,26,48,cloudy,Monday,morning,winter,0,17,medium,house,electric,fans,high,5,1,19.1,330.3,940.9
19/03/2023,1628,18.5,25,50,sunny,Tuesday,afternoon,winter,0,18,high,apartment,gas,air conditioning,medium,8,0,16.8,340.1,960.5
20/03/2023,1629,14.9,24,52,rainy,Wednesday,evening,winter,0,19,medium,house,electric,fans,high,6,1,18.5,350.1,980.5
21/03/2023,1630,17.3,25,50,cloudy,Thursday,morning,winter,0,20,high,apartment,gas,air conditioning,medium,9,0,14.9,360.1,1000.5
22/03/2023,1631,15.6,24,55,sunny,Friday,afternoon,winter,0,21,medium,house,electric,fans,high,7,1,17.3,370.1,1020.5
23/03/2023,1632,18.1,26,48,cloudy,Monday,morning,spring,0,17,high,apartment,gas,air conditioning,medium,8,0,15.6,380.1,1040.5
24/03/2023,1633,16.2,25,50,sunny,Tuesday,afternoon,spring,0,18,medium,house,electric,fans,high,5,1,18.1,390.1,1060.5
25/03/2023,1634,19.5,24,52,rainy,Wednesday,evening,spring,0,19,high,apartment,gas,air conditioning,medium,9,0,16.2,400.1,1080.5
26/03/2023,1635,14.7,25,50,cloudy,Thursday,morning,spring,0,20,medium,house,electric,fans,high,6,1,19.5,410.1,1100.5
27/03/2023,1636,17.9,24,55,sunny,Friday,afternoon,spring,0,21,high,apartment,gas,air conditioning,medium,8,0,14.7,420.1,1120.5
28/03/2023,1637,15.4,26,48,cloudy,Monday,morning,spring,0,17,medium,house,electric,fans,high,7,1,17.9,430.1,1140.5
29/03/2023,1638,18.6,25,50,sunny,Tuesday,afternoon,spring,0,18,high,apartment,gas,air conditioning,medium,9,0,15.4,440.1,1160.5
30/03/2023,1639,16.1,24,52,rainy,Wednesday,evening,spring,0,19,medium,house,electric,fans,high,6,1,18.6,450.1,1180.5
31/03/2023,1640,19.2,26,49,cloudy,Thursday,morning,spring,0,20,high,apartment,gas,air conditioning,medium,8,0,16.1,460.1,1200.5
01/04/2023,1641,17.8,25,51,sunny,Friday,afternoon,spring,0,21,medium,house,electric,fans,high,7,1,19.2,470.1,1220.5
02/04/2023,1642,15.9,24,54,cloudy,Monday,morning,spring,0,17,high,apartment,gas,air conditioning,medium,9,0,17.8,480.1,1240.5
03/04/2023,1643,18.5,26,47,sunny,Tuesday,afternoon,spring,0,18,medium,house,electric,fans,high,6,1,15.9,490.1,1260.5
04/04/2023,1644,16.8,25,50,rainy,Wednesday,evening,spring,0,19,high,apartment,gas,air conditioning,medium,8,0,18.5,500.1,1280.5
05/04/2023,1645,18.1,24,53,cloudy,Thursday,morning,spring,0,20,medium,house,electric,fans,high,7,1,16.8,510.1,1300.5
06/04/2023,1646,15.6,26,48,sunny,Friday,afternoon,spring,0,21,high,apartment,gas,air conditioning,medium,9,0,18.1,520.1,1320.5
07/04/2023,1647,17.4,25,51,cloudy,Monday,morning,spring,0,17,medium,house,electric,fans,high,6,1,15.6,530.1,1340.5
08/04/2023,1648,19.8,24,54,sunny,Tuesday,afternoon,spring,0,18,high,apartment,gas,air conditioning,medium,8,0,17.4,540.1,1360.5
09/04/2023,1649,17.1,26,47,cloudy,Wednesday,evening,spring,0,19,medium,house,electric,fans,high,7,1,19.8,550.1,1380.5
10/04/2023,1650,16.4,25,50,rainy,Thursday,morning,spring,0,20,high,apartment,gas,air conditioning,medium,9,0,17.1,560.1,1400.5
11/04/2023,1651,18.8,24,53,cloudy,Friday,afternoon,spring,0,21,medium,house,electric,fans,high,6,1,16.4,570.1,1420.5
12/04/2023,1652,15.3,26,48,sunny,Monday,morning,spring,0,17,high,apartment,gas,air conditioning,medium,8,0,18.8,580.1,1440.5
13/04/2023,1653,16.9,25,52,rainy,Tuesday,afternoon,spring,0,18,medium,house,electric,fans,high,7,1,15.3,590.1,1460.5
14/04/2023,1654,17.5,24,55,sunny,Wednesday,morning,spring,0,19,high,apartment,gas,air conditioning,medium,9,0,16.9,600.1,1480.5
15/04/2023,1655,19.2,26,49,cloudy,Thursday,afternoon,spring,0,20,medium,house,electric,fans,high,6,1,17.5,610.1,1500.5
16/04/2023,1656,18.1,25,51,rainy,Friday,morning,spring,0,21,high,apartment,gas,air conditioning,medium,8,0,19.2,620.1,1520.5
17/04/2023,1657,15.6,24,54,sunny,Monday,afternoon,spring,0,17,medium,house,electric,fans,high,7,1,18.1,630.1,1540.5
18/04/2023,1658,16.3,26,48,cloudy,Tuesday,morning,spring,0,18,high,apartment,gas,air conditioning,medium,9,0,15.6,640.1,1560.5
19/04/2023,1659,17.9,25,52,rainy,Wednesday,afternoon,spring,0,19,medium,house,electric,fans,high,6,1,16.3,650.1,1580.5
20/04/2023,1660,19.5,24,55,sunny,Thursday,morning,spring,0,20,high,apartment,gas,air conditioning,medium,8,0,17.9,660.1,1600.5
21/04/2023,1661,18.2,26,49,cloudy,Friday,afternoon,spring,0,21,medium,house,electric,fans,high,7,1,19.5,670.1,1620.5
22/04/2023,1662,16.8,25,51,rainy,Monday,morning,spring,0,17,high,apartment,gas,air conditioning,medium,9,0,18.2,680.1,1640.5
01/09/2022,1701,120.5,15,55,Sunny,Monday,Morning,Autumn,0,4,Medium,House,Gas,Air conditioning,Low,7.5,1,110,600,550
01/09/2022,1702,150.2,18,60,Cloudy,Monday,Afternoon,Autumn,0,3,Low,Apartment,None,Fans,Medium,6,0,120,700,600
01/09/2022,1703,200.8,20,70,Rainy,Monday,Night,Autumn,0,5,High,House,Gas,Air conditioning,High,8,1,180,800,750
02/09/2022,1704,110.3,16,50,Sunny,Tuesday,Morning,Autumn,0,4,Medium,Apartment,Electric,None,Low,7,1,100,550,500
02/09/2022,1705,160.1,19,65,Cloudy,Tuesday,Afternoon,Autumn,0,3,Low,House,None,Air conditioning,Medium,5.5,0,130,750,650
02/09/2022,1706,210.6,21,75,Rainy,Tuesday,Night,Autumn,0,5,High,Apartment,Gas,None,High,9,1,190,850,800
03/09/2022,1707,105.4,17,52,Sunny,Wednesday,Morning,Autumn,0,4,Medium,House,None,Air conditioning,Low,7.5,1,110,600,550
03/09/2022,1708,170.9,20,68,Cloudy,Wednesday,Afternoon,Autumn,0,3,Low,Apartment,Gas,None,Medium,6,0,140,800,700
04/09/2022,1709,120.8,18,55,Sunny,Thursday,Morning,Autumn,0,5,High,House,None,Air conditioning,Medium,8.5,1,110,650,600
04/09/2022,1710,180.2,21,70,Cloudy,Thursday,Afternoon,Autumn,0,2,Low,Apartment,Electric,None,Low,5,0,150,800,750
04/09/2022,1711,220.5,22,80,Rainy,Thursday,Night,Autumn,0,6,Medium,House,Gas,Air conditioning,High,7.5,1,180,900,850
05/09/2022,1712,130.6,19,58,Sunny,Friday,Morning,Autumn,0,4,Medium,Apartment,None,Air conditioning,Low,7,1,120,700,650
05/09/2022,1713,190.3,22,65,Cloudy,Friday,Afternoon,Autumn,0,3,Low,House,Electric,None,Medium,6.5,0,160,850,750
05/09/2022,1714,230.8,23,75,Rainy,Friday,Night,Autumn,0,5,High,Apartment,Gas,Air conditioning,High,8.5,1,190,950,900
06/09/2022,1715,140.1,18,53,Sunny,Saturday,Morning,Autumn,0,4,Medium,House,None,Air conditioning,Low,7.5,1,130,750,700
06/09/2022,1716,200.5,21,68,Cloudy,Saturday,Afternoon,Autumn,0,2,Low,Apartment,Electric,None,Medium,5.5,0,170,900,800
06/09/2022,1717,240.9,22,80,Rainy,Saturday,Night,Autumn,0,6,Medium,House,Gas,Air conditioning,High,7,1,210,1000,950
07/09/2022,1718,150.2,19,56,Sunny,Sunday,Morning,Autumn,0,5,High,Apartment,None,Air conditioning,Low,8,1,140,800,750
08/09/2022,1719,210.6,20,65,Cloudy,Monday,Afternoon,Autumn,0,3,Low,House,Electric,None,Medium,6.5,0,180,950,850
08/09/2022,1720,160.3,18,58,Sunny,Monday,Morning,Autumn,0,4,Medium,Apartment,None,Air conditioning,Low,7.5,1,150,700,650
08/09/2022,1721,250.9,21,70,Rainy,Monday,Night,Autumn,0,6,High,House,Gas,Air conditioning,High,7.5,1,230,1100,1000
09/09/2022,1722,170.1,19,55,Sunny,Tuesday,Morning,Autumn,0,5,Medium,Apartment,None,Air conditioning,Low,8.5,1,160,800,750
09/09/2022,1723,220.4,20,68,Cloudy,Tuesday,Afternoon,Autumn,0,3,Low,House,Electric,None,Medium,6,0,200,1000,900
09/09/2022,1724,140.8,18,59,Sunny,Tuesday,Morning,Autumn,0,4,High,Apartment,None,Air conditioning,Low,7.5,1,130,650,600
09/09/2022,1725,260.5,21,72,Rainy,Tuesday,Night,Autumn,0,6,Medium,House,Gas,Air conditioning,High,7,1,240,1150,1050
10/09/2022,1726,180.2,19,56,Sunny,Wednesday,Morning,Autumn,0,5,High,Apartment,None,Air conditioning,Low,8,1,170,850,750
10/09/2022,1727,230.9,20,66,Cloudy,Wednesday,Afternoon,Autumn,0,3,Low,House,Electric,None,Medium,6.5,0,220,1100,1000
10/09/2022,1728,150.5,18,57,Sunny,Wednesday,Morning,Autumn,0,4,Medium,Apartment,None,Air conditioning,Low,7.5,1,140,700,650
11/09/2022,1729,165.3,19,55,Sunny,Thursday,Morning,Autumn,0,3,Low,Apartment,None,Fans,Low,6,0,150,800,750
11/09/2022,1730,250.8,22,68,Rainy,Thursday,Night,Autumn,0,5,High,House,Gas,Air conditioning,Medium,8.5,1,240,1200,1100
12/09/2022,1731,175.1,18,54,Cloudy,Friday,Morning,Autumn,0,6,Medium,Apartment,Electric,Air conditioning,High,7.2,1,160,850,750
12/09/2022,1732,220.6,21,69,Sunny,Friday,Afternoon,Autumn,0,2,Low,House,None,None,Low,6.8,0,210,1050,1000
12/09/2022,1733,145.9,17,58,Cloudy,Friday,Morning,Autumn,0,4,Medium,Apartment,None,Air conditioning,Low,7.8,1,130,700,650
13/09/2022,1734,190.2,18,53,Sunny,Saturday,Morning,Autumn,0,3,Low,Apartment,None,Fans,Low,6.3,0,180,900,850
13/09/2022,1735,280.4,23,70,Rainy,Saturday,Night,Autumn,0,5,High,House,Gas,Air conditioning,Medium,8.7,1,270,1300,1200
14/09/2022,1736,155.5,19,56,Cloudy,Sunday,Morning,Autumn,1,4,Medium,Apartment,None,Air conditioning,Low,7.6,1,140,750,700
14/09/2022,1737,235.7,21,67,Sunny,Sunday,Afternoon,Autumn,1,6,High,House,Gas,Air conditioning,High,8.3,1,220,1100,1000
15/09/2022,1738,160.1,18,55,Cloudy,Monday,Morning,Autumn,0,5,Medium,Apartment,None,Air conditioning,Low,7.4,1,150,800,750
16/09/2022,1739,210.3,20,62,Sunny,Monday,Afternoon,Autumn,0,4,Low,House,Electric,Fans,Medium,6.2,0,190,950,880
16/09/2022,1740,185.6,17,58,Rainy,Monday,Evening,Autumn,0,3,High,Apartment,Gas,Air conditioning,Low,8.1,1,170,800,720
17/09/2022,1741,240.9,22,70,Sunny,Tuesday,Morning,Autumn,0,5,Medium,House,None,Air conditioning,High,7.9,0,230,1050,950
17/09/2022,1742,150.5,16,65,Cloudy,Tuesday,Afternoon,Autumn,0,4,Low,Apartment,None,Fans,Low,6.8,1,140,700,650
18/09/2022,1743,225.7,21,68,Rainy,Wednesday,Morning,Autumn,0,6,High,House,Gas,Air conditioning,Medium,8.5,1,210,1100,1000
18/09/2022,1744,175.3,18,59,Sunny,Wednesday,Afternoon,Autumn,0,3,Medium,Apartment,None,Fans,Low,7.7,0,160,750,700
19/09/2022,1745,260.1,23,72,Sunny,Thursday,Morning,Autumn,0,5,Low,House,Electric,Air conditioning,High,6.5,1,250,1000,900
19/09/2022,1746,165.2,17,63,Cloudy,Thursday,Afternoon,Autumn,0,4,High,Apartment,Gas,Air conditioning,Low,8.2,0,150,800,700
20/09/2022,1747,230.6,20,66,Sunny,Friday,Morning,Autumn,0,6,Medium,House,None,Air conditioning,Medium,7.8,1,220,1100,1000
20/09/2022,1748,140.9,16,61,Rainy,Friday,Afternoon,Autumn,0,3,Low,Apartment,None,Fans,Low,6.9,0,130,700,650
21/09/2022,1749,185.6,15,65,Cloudy,Saturday,Afternoon,Autumn,0,4,Medium,House,Gas,Air conditioning,Medium,8.1,1,170,850,750
21/09/2022,1750,275.4,22,75,Sunny,Saturday,Morning,Autumn,0,5,Low,Apartment,Electric,Fans,High,6.4,0,260,1100,1000
22/09/2022,1751,150.8,17,62,Cloudy,Sunday,Afternoon,Autumn,0,3,High,Apartment,Gas,None,Low,8.5,1,140,750,650
22/09/2022,1752,210.3,21,68,Sunny,Sunday,Morning,Autumn,0,6,Medium,House,None,Air conditioning,Medium,7.6,0,200,1000,900
23/09/2022,1753,135.2,18,66,Rainy,Monday,Afternoon,Autumn,0,4,Low,Apartment,None,Fans,Low,6.8,1,120,700,600
23/09/2022,1754,255.1,23,70,Sunny,Monday,Morning,Autumn,0,5,Medium,House,Electric,Air conditioning,High,6.3,0,240,1200,1100
24/09/2022,1755,170.9,16,64,Cloudy,Tuesday,Afternoon,Autumn,0,3,High,Apartment,Gas,None,Low,8.4,1,160,800,700
24/09/2022,1756,230.5,22,73,Sunny,Tuesday,Morning,Autumn,0,6,Low,House,None,Air conditioning,Medium,7.4,0,220,1100,1000
25/09/2022,1757,140.7,17,63,Rainy,Wednesday,Afternoon,Autumn,0,4,Medium,Apartment,Gas,None,Low,8.3,1,130,750,650
25/09/2022,1758,260.2,21,71,Sunny,Wednesday,Morning,Autumn,0,5,High,House,Electric,Air conditioning,High,6.2,0,250,1200,1100
26/09/2022,1759,200.6,18,68,Cloudy,Thursday,Afternoon,Autumn,0,3,Low,Apartment,Gas,None,Medium,7.5,1,190,900,800
26/09/2022,1760,300.9,20,75,Sunny,Thursday,Morning,Autumn,0,6,Medium,House,Electric,Air conditioning,High,6.1,0,290,1300,1200
27/09/2022,1761,150.3,15,65,Rainy,Friday,Afternoon,Autumn,0,4,High,Apartment,None,None,Low,8.6,1,140,700,600
27/09/2022,1762,280.8,19,72,Cloudy,Friday,Morning,Autumn,0,5,Low,House,Gas,Air conditioning,Medium,7.2,0,270,1250,1150
28/09/2022,1763,165.4,14,62,Sunny,Saturday,Afternoon,Autumn,0,3,Medium,Apartment,None,None,Low,8.7,1,150,750,650
28/09/2022,1764,320.1,21,74,Cloudy,Saturday,Morning,Autumn,0,6,High,House,Electric,Air conditioning,High,6.3,0,310,1350,1250
29/09/2022,1765,135.6,16,66,Rainy,Sunday,Afternoon,Autumn,0,4,Low,Apartment,Gas,None,Medium,7.8,1,120,600,500
29/09/2022,1766,290.7,18,73,Sunny,Sunday,Morning,Autumn,0,5,Medium,House,None,Air conditioning,High,6.5,0,280,1300,1200
30/09/2022,1767,175.8,15,67,Cloudy,Monday,Afternoon,Autumn,0,3,High,Apartment,None,None,Low,8.9,1,160,800,700
30/09/2022,1768,310.2,20,76,Sunny,Monday,Morning,Autumn,0,6,Low,House,Electric,Air conditioning,High,6.8,0,300,1400,1300
01/10/2022,1769,150.3,14,68,Cloudy,Tuesday,Afternoon,Autumn,0,5,Medium,Apartment,Gas,None,Low,7.5,1,140,700,600
01/10/2022,1770,270.5,19,78,Sunny,Tuesday,Morning,Autumn,0,4,High,House,None,Air conditioning,Medium,6.2,0,260,1350,1250
02/10/2022,1771,100.6,13,65,Rainy,Wednesday,Afternoon,Autumn,0,3,Low,Apartment,None,None,Low,8.7,1,90,450,400
02/10/2022,1772,350.8,21,75,Cloudy,Wednesday,Morning,Autumn,0,6,Medium,House,Electric,Air conditioning,High,6.9,0,340,1450,1350
03/10/2022,1773,180.4,12,70,Cloudy,Thursday,Afternoon,Autumn,0,5,High,Apartment,None,None,Low,8.3,1,170,850,750
03/10/2022,1774,220.7,20,77,Sunny,Thursday,Morning,Autumn,0,4,Low,House,Gas,Air conditioning,Medium,6.4,0,210,1200,1100
04/10/2022,1775,110.2,11,63,Rainy,Friday,Afternoon,Autumn,0,3,Medium,Apartment,None,None,Low,7.8,1,100,500,450
04/10/2022,1776,280.9,18,79,Sunny,Friday,Morning,Autumn,0,6,High,House,Electric,Air conditioning,High,6.6,0,270,1300,1200
05/10/2022,1777,140.5,10,66,Cloudy,Saturday,Afternoon,Autumn,0,4,Low,Apartment,Gas,None,Low,8.1,1,130,650,550
05/10/2022,1778,330.8,21,74,Sunny,Saturday,Morning,Autumn,0,5,Medium,House,None,Air conditioning,High,6.7,0,320,1400,1300
06/10/2022,1779,160.3,12,68,Cloudy,Sunday,Afternoon,Autumn,0,3,Medium,Apartment,None,None,Low,7.9,1,150,700,600
06/10/2022,1780,250.1,15,76,Sunny,Sunday,Morning,Autumn,0,4,Low,House,Gas,Air conditioning,Medium,6.5,0,240,1200,1100
07/10/2022,1781,180.9,13,71,Rainy,Monday,Afternoon,Autumn,0,5,High,Apartment,Electric,None,Low,8.2,1,170,800,700
07/10/2022,1782,300.5,19,78,Sunny,Monday,Morning,Autumn,0,6,Medium,House,None,Air conditioning,High,6.8,0,310,1300,1200
08/10/2022,1783,130.2,11,64,Cloudy,Tuesday,Afternoon,Autumn,0,4,Low,Apartment,Gas,None,Low,7.7,1,120,550,450
08/10/2022,1784,290.4,20,75,Sunny,Tuesday,Morning,Autumn,0,5,Medium,House,None,Air conditioning,High,6.6,0,280,1400,1300
09/10/2022,1785,150.6,12,69,Cloudy,Wednesday,Afternoon,Autumn,0,3,Medium,Apartment,None,None,Low,8,1,140,650,550
09/10/2022,1786,260.7,16,77,Sunny,Wednesday,Morning,Autumn,0,4,Low,House,Gas,Air conditioning,Medium,6.4,0,250,1200,1100
10/10/2022,1787,170.4,14,73,Rainy,Thursday,Afternoon,Autumn,0,5,High,Apartment,Electric,None,Low,8.3,1,160,800,700
10/10/2022,1788,310.6,21,79,Sunny,Thursday,Morning,Autumn,0,6,Medium,House,None,Air conditioning,High,6.9,0,300,1300,1200
11/10/2022,1789,210.3,18,82,Cloudy,Friday,Morning,Autumn,0,4,Low,Apartment,Gas,Fans,Medium,6.5,1,200,900,800
11/10/2022,1790,350.8,15,76,Rainy,Friday,Afternoon,Autumn,0,3,Medium,House,None,Air conditioning,High,7.1,0,340,1400,1300
12/10/2022,1791,180.5,17,78,Sunny,Saturday,Morning,Autumn,0,5,High,Apartment,Electric,None,Low,8.4,1,170,850,750
12/10/2022,1792,420.9,22,80,Sunny,Saturday,Afternoon,Autumn,0,6,Low,House,Gas,Air conditioning,High,6.2,0,410,1500,1400
13/10/2022,1793,230.6,16,75,Cloudy,Sunday,Morning,Autumn,1,4,Medium,Apartment,None,None,Low,8.1,1,220,900,800
13/10/2022,1794,380.2,19,85,Rainy,Sunday,Afternoon,Autumn,1,3,Low,House,Electric,Air conditioning,Medium,6.8,0,370,1600,1500
14/10/2022,1795,190.4,14,74,Cloudy,Monday,Morning,Autumn,0,5,High,Apartment,Gas,None,Low,8.3,1,180,800,700
14/10/2022,1796,370.8,20,88,Sunny,Monday,Afternoon,Autumn,0,6,Medium,House,None,Air conditioning,High,7,0,360,1500,1400
15/10/2022,1797,250.1,18,80,Cloudy,Tuesday,Morning,Autumn,0,4,Low,Apartment,Electric,None,Low,7.5,1,240,950,850
15/10/2022,1798,450.5,23,90,Sunny,Tuesday,Afternoon,Autumn,0,5,High,House,Gas,Air conditioning,Medium,6.7,0,440,1700,1600
16/10/2022,1799,210.3,21,75,Sunny,Wednesday,Morning,Autumn,0,3,Medium,Apartment,None,Fans,Low,8.2,1,200,900,800
16/10/2022,1800,500.9,17,82,Rainy,Wednesday,Afternoon,Autumn,0,6,Low,House,Electric,Air conditioning,High,5.8,0,490,1800,1700
